pcode,Score Index
YE11,0.068446608
YE12,0.001994693
YE13,0.098491304
YE14,0.04391156
YE15,0.055699214
YE16,0.002459449
YE17,0.13111977
YE18,0.104378289
YE19,0.002044638
YE20,0.141530737
YE21,0.001317813
YE22,0.001145434
YE23,0.130534248
YE24,0.008456491
YE25,0.002727267
YE26,0.000994711
YE27,0.048557013
YE28,0.000584411
YE29,0.071034516
YE30,0.004047836
YE31,0.078479359
YE32,0